rank,name,country,prize,log prize,inv prize
1,Michael van Gerwen,Netherlands,8321167,15.934313067384334,1.201754513519558e-07
2,Phil Taylor,England,7630816,15.84770534380704,1.310475839019051e-07
3,Gary Anderson,Scotland,4118772,15.231065618645093,2.427908124071932e-07
4,Raymond van Barneveld,Netherlands,3510128,15.071163062013602,2.8488989575308937e-07
5,Peter Wright,Scotland,3470888,15.059921026965212,2.8811070826831635e-07
6,James Wade,England,3458893,15.056459153644951,2.891098394775438e-07
7,Adrian Lewis,England,3137634,14.958979570673513,3.1871148770060495e-07
8,Simon Whitlock,Australia,2149499,14.580745349693894,4.652246872410734e-07
9,Dave Chisnall,England,1963415,14.49019586201987,5.093166752826071e-07
10,Michael Smith,England,1769935,14.386453380711858,5.649924997245662e-07
11,Mervyn King,England,1733358,14.36557112555152,5.769148669807391e-07
12,Rob Cross,England,1622600,14.299540358943101,6.162948354492789e-07
13,Gerwyn Price,Wales,1497803,14.219509925733039,6.676445433745293e-07
14,Mensur Suljovic,Austria,1418867,14.16536922377199,7.04787693279215e-07
15,Daryl Gurney,Northern Ireland,1359200,14.122406849339859,7.357268981753973e-07
16,Terry Jenkins,England,1348883,14.114787400516763,7.413541426498815e-07
17,Robert Thornton,Scotland,1315126,14.089443036494293,7.603834157335495e-07
18,Ian White,England,1235808,14.027235565127471,8.091871876537456e-07
19,Steve Beaton,England,1109305,13.919244251063569,9.014653318969986e-07
20,Andy Hamilton,England,1089788,13.901493739875797,9.176096635308886e-07
21,Kim Huybrechts,Belgium,1067212,13.88056019845809,9.370209480403144e-07
22,Stephen Bunting,England,1053513,13.867640851969895,9.492051830399814e-07
23,Vincent van der Voort,Netherlands,1030450,13.845506157999655,9.704498034839148e-07
24,Jelle Klaasen,Netherlands,1007796,13.82327632617928,9.922643074590493e-07
25,John Part,Canada,951176,13.765454392753599,1.051330142896793e-06
26,Kevin Painter,England,926471,13.739138023624045,1.0793645996474796e-06
27,Ronnie Baxter,England,897032,13.706846814875071,1.1147874323324029e-06
28,Mark Webster,Wales,894214,13.70370039911215,1.1183005410338018e-06
29,Wes Newton,England,878116,13.685533982341404,1.1388017072915195e-06
30,Glen Durrant,England,863872,13.669179888663024,1.1575789005778633e-06
31,Colin Lloyd,England,853774,13.657421800745814,1.1712701487747343e-06
32,Brendan Dolan,Northern Ireland,847089,13.649561044855458,1.1805134997621265e-06
33,Justin Pipe,England,751325,13.52959359345916,1.3309819319202742e-06
34,Martin Adams,England,740557,13.515157884744447,1.3503349505844925e-06
35,Joe Cullen,England,680344,13.43035383158989,1.469844666815611e-06
36,Scott Waites,England,679769,13.429508313556823,1.4710879725318454e-06
37,Dennis Priestley,England,625469,13.34625704730923,1.5988002602846824e-06
38,Darren Webster,England,616526,13.331855774257678,1.6219916110593877e-06
39,Nathan Aspinall,England,607925,13.31780679807626,1.6449397540815067e-06
40,Mark Walsh,England,599292,13.30350423745012,1.6686356567416218e-06
41,Dimitri van den Bergh,Belgium,591804,13.29093077796562,1.6897486329933559e-06
42,Wayne Jones,England,587186,13.283096914036365,1.703037878968504e-06
43,Jamie Caven,England,582520,13.275118798596516,1.7166792556478748e-06
44,Paul Nicholson,Australia,581666,13.273651678818092,1.7191996781658203e-06
45,Benito van de Pas,Netherlands,554346,13.225544319516487,1.8039275109768988e-06
46,Alan Norris,England,539662,13.198698296641117,1.8530116999158733e-06
47,John Henderson,Scotland,535131,13.190266855717956,1.8687013086515264e-06
48,Jonny Clayton,Wales,524300,13.169819318560624,1.9073049780659928e-06
49,Kyle Anderson,Australia,513176,13.148374145236474,1.9486491963770716e-06
50,Peter Manley,England,511336,13.14478218735149,1.955661248181235e-06
51,Roland Scholten,Netherlands,488750,13.099606390281712,2.0460358056265983e-06
52,Andy Smith,England,468752,13.057829122924321,2.133324231149947e-06
53,Wayne Mardle,England,450831,13.018847825420531,2.2181260827227943e-06
54,Colin Osborne,England,448207,13.01301045825467,2.231111963891684e-06
55,Alan Tabern,England,443150,13.001663592166544,2.256572266726842e-06
56,Max Hopp,Germany,439148,12.99259176508236,2.277136637306785e-06
57,Richie Burnett,Wales,435545,12.984353399442883,2.2959740095742114e-06
58,Krzysztof Ratajski,Poland,424105,12.957736345065431,2.3579066504757078e-06
59,Mark Dudbridge,England,418516,12.944470399961018,2.3893949096330847e-06
60,Denis Ovens,England,401169,12.902138063889163,2.4927150402947385e-06
61,Jermaine Wattimena,Netherlands,398427,12.895279573480561,2.5098700640267854e-06
62,Steve West,England,391651,12.878126416092265,2.5532936211065464e-06
63,Jamie Lewis,Wales,391232,12.877056013388398,2.5560281367577296e-06
64,Keegan Brown,England,387350,12.867083956060048,2.58164450755131e-06
65,Chris Dobey,England,384750,12.860349051701126,2.599090318388564e-06
66,James Wilson,England,382903,12.855536972378543,2.6116274879016356e-06
67,Tony O Shea,England,375625,12.83634658427161,2.6622296173044925e-06
68,Co Stompe,Netherlands,369189,12.819063987017467,2.708639748204849e-06
69,Ted Hankey,England,366504,12.811764714301127,2.7284831816296683e-06
70,Andy Jenkins,England,352068,12.771579617741212,2.8403603849256395e-06
71,Jeffrey de Zwaan,Netherlands,348294,12.76080222967686,2.8711376021407203e-06
72,Ricky Evans,England,345022,12.75136346209634,2.898365901304844e-06
73,Cristo Reyes,Spain,343004,12.745497387887658,2.9154178960012127e-06
74,Christian Kist,Netherlands,342465,12.743924741681663,2.9200064240141327e-06
75,Danny Noppert,Netherlands,341485,12.741059033163001,2.9283863127223744e-06
76,Paul Lim,Singapore,324878,12.691205006222049,3.0780785402520333e-06
77,Willie O Connor,Ireland,306178,12.63192191115944,3.2660739831078655e-06
78,Dean Winstanley,England,287609,12.569357197802542,3.4769426547847947e-06
79,Jamie Hughes,England,280146,12.543066174826176,3.5695672970522513e-06
80,Jan Dekker,Netherlands,273698,12.519780587731338,3.653662065488239e-06
81,Ronny Huybrechts,Belgium,270743,12.508925310420057,3.6935396298334583e-06
82,Andy Fordham,England,268687,12.501302412339022,3.7218026923520677e-06
83,Scott Mitchell,England,264352,12.485036827362231,3.782835007868297e-06
84,Darryl Fitton,England,251928,12.436898611383743,3.96938807913372e-06
85,Barrie Bates,Wales,247063,12.417398643816401,4.047550624739439e-06
86,Josh Payne,England,244975,12.408911443504019,4.082049188692724e-06
87,Alan Warriner-Little,England,238040,12.380194005758788,4.200974626113259e-06
88,Dennis Smith,England,234969,12.367208869531144,4.255880562967881e-06
89,Andrew Gilding,England,234609,12.36567557763702,4.262411075448938e-06
90,Devon Petersen,South Africa,228784,12.34053360597263,4.370935030421708e-06
91,Rowby John Rodriguez,Austria,227561,12.335173613300348,4.3944261099221745e-06
92,Robbie Green,England,221908,12.310018160546617,4.506372010022172e-06
93,Steve Lennon,Ireland,218618,12.295081193512138,4.5741887676220625e-06
94,Luke Humphries,England,217015,12.287721754557577,4.607976407160795e-06
95,Michael Mansell,Northern Ireland,215823,12.28221390629373,4.633426465205284e-06
96,Lourence Ilagan,Philippines,209278,12.251418790630384,4.778333126272231e-06
97,Gary Robson,England,207726,12.243975182578641,4.81403387154232e-06
98,Ron Meulenkamp,Netherlands,204514,12.22839171177944,4.889640806986319e-06
99,Matt Clark,England,202623,12.219102388538925,4.935273883024138e-06
100,Alex Roy,England,202251,12.217264779284287,4.944351325827808e-06
101,Chris Mason,England,198458,12.198332769819952,5.038849529875339e-06
102,Darin Young,USA,194659,12.179004588805057,5.1371886221546396e-06
103,Kirk Shepherd,England,193415,12.172593418456005,5.170229816715353e-06
104,Tony Eccles,England,192348,12.167061510413882,5.198910308399359e-06
105,Bob Anderson,England,189711,12.153257140536114,5.271175630300826e-06
106,Gabriel Clemens,Germany,188866,12.148793047877176,5.2947592472970254e-06
107,Kevin McDine,England,186852,12.138072138629425,5.351829255239441e-06
108,James Richardson,England,184740,12.126704710146601,5.413012882970661e-06
109,Darius Labanauskas,Lithuania,184407,12.124900550338578,5.4227876382133e-06
110,Antonio Alcinas,Spain,182183,12.112766955393429,5.48898634889095e-06
111,Martin Schindler,Germany,179963,12.100506553187353,5.556697765651828e-06
112,Ross Smith,England,178340,12.09144711968887,5.6072670180553994e-06
113,Steve Brown,England,177569,12.087114544755112,5.63161362625233e-06
114,Martin Phillips,Wales,176238,12.079590633250236,5.674145190027122e-06
115,Wesley Harms,Netherlands,175683,12.076436513660234,5.692070376758138e-06
116,Ryan Searle,England,170600,12.047076914039716,5.861664712778429e-06
117,Ross Montgomery,Scotland,170553,12.046801377841604,5.863280036117805e-06
118,Mark McGeeney,England,166572,12.02318292736311,6.003409936844127e-06
119,John Walton,England,164705,12.011911273932009,6.0714610971130205e-06
120,Joe Murnan,England,164655,12.011607654789527,6.0733047888008256e-06
121,Stuart Kellett,England,158726,11.97493472422356,6.300165064324685e-06
122,Tony David,Australia,156651,11.961775680017798,6.3836170851127666e-06
123,Ted Evetts,England,155175,11.952308791281853,6.44433703882713e-06
124,Ryan Joyce,England,154791,11.949831098912712,6.460323920641381e-06
125,Colin Monk,England,151712,11.929739265701844,6.591436405821557e-06
126,Lisa Ashton,England,150704,11.923072927062599,6.635523940970379e-06
127,Arron Monk,England,148073,11.905460674385033,6.753425675173732e-06
128,Andy Boulton,England,145765,11.889751014869228,6.860357424621823e-06
129,Richard North,England,144955,11.884178628408204,6.898692697733779e-06
130,John Lowe,England,144543,11.881332320121787,6.918356475235743e-06
131,Magnus Caris,Sweden,143984,11.87745746127373,6.9452161351261255e-06
132,Mick McGowan,Ireland,141593,11.860712023991557,7.062496027345985e-06
133,Andree Welge,Germany,141320,11.858782101473082,7.076139258420606e-06
134,Deta Hedman,England,140614,11.853773826659081,7.111667401538965e-06
135,Steve Hine,England,139915,11.848790374348438,7.147196512168102e-06
136,Corey Cadby,Australia,137528,11.83158281172133,7.271246582514106e-06
137,Jeffrey de Graaf,Netherlands,137209,11.829260589790128,7.288151651859572e-06
138,Rod Harrington,England,135180,11.814362502654346,7.397544015386892e-06
139,Dave Pallett,England,135118,11.81390374971435,7.400938438994065e-06
140,Dirk van Duijvenbode,Netherlands,131387,11.785902445587313,7.6111030771689745e-06
141,Adrian Gray,England,130784,11.781302386364004,7.646195253241987e-06
142,Anastasia Dobromyslova,Russia,130360,11.778055132951497,7.671064743786438e-06
143,Steve Maish,England,127721,11.757603476425377,7.829566007156223e-06
144,Jeff Smith,Canada,123511,11.724085499909688,8.096444851065898e-06
145,Boris Krcmar,Croatia,123272,11.72214857496169,8.112142254526575e-06
146,Dave Askew,England,123169,11.72131267504246,8.118926028464954e-06
147,Peter Evison,England,120648,11.700632494040521,8.288575028181154e-06
148,Matt Edgar,England,118817,11.685339773316288,8.416304064233233e-06
149,Jim Williams,Wales,118454,11.682279978539759,8.442095665828085e-06
150,Zoran Lerchbacher,Austria,117085,11.670655445736113,8.540803689627195e-06
151,Michael Barnard,England,116484,11.665509203500227,8.58487002506782e-06
152,Darren Johnson,England,116418,11.664942441499328,8.589736982253604e-06
153,Trina Gulliver,England,110815,11.615617423193774,9.024049090827054e-06
154,Adam Hunt,England,106225,11.573314764983012,9.413979759943516e-06
155,Jose de Sousa,Portugal,105847,11.569749934167982,9.44759889274141e-06
156,Madars Razma,Latvia,105677,11.568142551208108,9.462797013541262e-06
157,Jyhan Artut,Germany,105509,11.566551536316604,9.477864447582671e-06
158,Simon Stevenson,England,104400,11.555984954430675,9.578544061302682e-06
159,Martin Atkins,England,103725,11.549498445201069,9.640877319836105e-06
160,Seigo Asada,Japan,102945,11.541950144010844,9.713924911360435e-06
161,Ryan Meikle,England,101850,11.531256421654952,9.818360333824251e-06
162,Pete Hudson,England,101070,11.523568625068709,9.894132779261897e-06
163,Mark Hylton,England,100215,11.515073157027688,9.978546125829467e-06
164,John Michael,Greece,99056,11.503440625759014,1.0095299628492974e-05
165,Jamie Harvey,Scotland,96931,11.481754664156846,1.0316616974961571e-05
166,Geert de Vos,Belgium,95887,11.470925693809946,1.0428942400951119e-05
167,Gary Mawson,USA,95365,11.465466913810527,1.0486027368531431e-05
168,Keith Deller,England,93033,11.440709547904705,1.0748874055442693e-05
169,Nigel Heydon,England,91470,11.42376632865041,1.0932546190007652e-05
170,Paul Hogan,England,91023,11.418867500816528,1.0986234248486646e-05
171,Larry Butler,USA,90603,11.414242604065644,1.1037162124874452e-05
172,Brian Woods,England,90245,11.41028347299835,1.1080946312815114e-05
173,Takehiro Suzuki,Japan,90067,11.408309116795527,1.1102845659342489e-05
174,Mark Frost,England,89625,11.40338957790192,1.1157601115760111e-05
175,Royden Lam,Hong Kong,89594,11.4030436324351,1.116146170502489e-05
176,Scott Rand,England,89258,11.399286331479175,1.1203477559434449e-05
177,Per Laursen,Denmark,87471,11.37906258883969,1.1432360439459936e-05
178,Luke Woodhouse,England,87325,11.377392069675032,1.145147437732608e-05
179,Christian Perez,Philippines,87071,11.374479156768768,1.148488015527558e-05
180,Mike de Decker,Belgium,85482,11.356061106445287,1.1698369247326922e-05
181,Jarkko Komula,Finland,84868,11.348852387233007,1.1783004194749493e-05
182,Haruki Muramatsu,Japan,83964,11.338143414533898,1.1909866133104664e-05
183,Marko Kantele,Finland,83101,11.32781201446548,1.2033549536106666e-05
184,Richard Veenstra,Netherlands,83010,11.326716361449082,1.2046741356463077e-05
185,Harry Ward,England,82225,11.317214671057258,1.2161751292186075e-05
186,Tony West,England,82213,11.317068719391326,1.2163526449588265e-05
187,Mike Gregory,England,80561,11.296769940423644,1.2412954158960292e-05
188,Shayne Burgess,England,79319,11.281232975393394,1.2607319809881617e-05
189,Kim Viljanen,Finland,76677,11.247357072763558,1.304172046376358e-05
190,Les Wallace,Scotland,75785,11.235655662865756,1.3195223329154847e-05
191,Steve Farmer,England,75562,11.23270879029638,1.3234165321193193e-05
192,Ritchie Edhouse,England,75395,11.230496238799896,1.3263479010544466e-05
193,Fallon Sherrock,England,75258,11.22867748925273,1.3287623907092934e-05
194,Wayne Warren,Wales,74885,11.223708882426497,1.3353809174066902e-05
195,Cody Harris,New Zealand,73915,11.210671063335191,1.3529053642697693e-05
196,John Magowan,Northern Ireland,71647,11.179506562177364,1.3957318519965944e-05
197,Damon Heta,Australia,71397,11.176011130638223,1.4006190736305447e-05
198,Cliff Lazarenko,England,70719,11.166469556940058,1.414047144331792e-05
199,James Hubbard,England,70450,11.162658517326827,1.4194464158977999e-05
200,Dean Reynolds,Wales,70417,11.162189990267917,1.4201116207733928e-05
201,Nick Fullwell,England,70347,11.161195417710017,1.4215247274226335e-05
202,Berry van Peer,Netherlands,69813,11.153575517827091,1.4323979774540559e-05
203,Lionel Sams,England,69202,11.144785042922217,1.445044940897662e-05
204,John Bowles,England,69075,11.142948149791618,1.4477017734346725e-05
205,Robert Owen,Wales,68800,11.138959023921435,1.4534883720930233e-05
206,Eric Bristow,England,68575,11.135683315805805,1.4582573824279985e-05
207,Aileen de Graaf,Netherlands,68300,11.131665045558881,1.4641288433382138e-05
208,Boris Koltsov,Russia,66798,11.109428418956762,1.497050809904488e-05
209,Paul Williams,England,66236,11.100979400762375,1.5097530044084788e-05
210,Lorraine Winstanley,England,63453,11.058054753348685,1.575969615305817e-05
211,Carlos Rodriguez,Spain,62769,11.047216600007362,1.593143112045755e-05
212,Michael Unterbuchner,Germany,62674,11.045701967574116,1.5955579666209275e-05
213,Peter Jacques,England,62650,11.045318960324215,1.596169193934557e-05
214,Shaun Greatbatch,England,62298,11.039684601531508,1.6051879675109956e-05
215,Mark Barilli,Scotland,61472,11.026337065568283,1.626756897449245e-05
216,Ray Carver,USA,60796,11.015279276316353,1.6448450555957627e-05
217,Robert Wagner,Norway,60585,11.011802616665623,1.6505735743170752e-05
218,Cameron Menzies,Scotland,59878,11.000064437842168,1.6700624603360165e-05
219,Sho Katsumi,Japan,59429,10.992537601700546,1.6826801729795218e-05
220,Diogo Portela,Brazil,59367,10.991493795417014,1.6844374821028517e-05
221,Scott Taylor,England,57987,10.967974126474862,1.7245244623794987e-05
222,Dave Prins,England,57503,10.959592399337474,1.739039702276403e-05
223,Adam Smith-Neale,England,57445,10.958583247287466,1.7407955435634083e-05
224,Jimmy Hendriks,Netherlands,57060,10.95185862476749,1.752541184717841e-05
225,Erik Clarys,Belgium,56807,10.947414836552507,1.76034643617864e-05
226,Daniel Larsson,Sweden,56622,10.944152881249389,1.7660979831161032e-05
227,Robert Marijanovic,Croatia,56400,10.940224437486151,1.773049645390071e-05
228,Shaun Griffiths,England,55552,10.925074798020022,1.800115207373272e-05
229,Jan van der Rassel,Netherlands,55107,10.917032028814173,1.8146514961801586e-05
230,Yordi Meeuwisse,Netherlands,55089,10.91670533818729,1.8152444226615113e-05
231,Willem Mandigers,Netherlands,54903,10.913323270813391,1.821394095040344e-05
232,Steve Brown (US),USA,54064,10.89792380895407,1.8496596626220776e-05
233,Tomas Seyler,Germany,53329,10.884235552246894,1.8751523561289355e-05
234,Geert Nentjes,Netherlands,52750,10.873319051338314,1.895734597156398e-05
235,Terry Temple,England,51852,10.856148785719933,1.9285659183830902e-05
236,Bobby George,England,51795,10.855048898492202,1.930688290375519e-05
237,Kevin Dowling,England,50808,10.83580910148281,1.9681939851991812e-05
238,Richie Davies,Wales,50727,10.834213592206538,1.9713367634593018e-05
239,Mareno Michels,Netherlands,50682,10.833326096955552,1.9730870920642437e-05
240,Mike Veitch,Scotland,50633,10.832358816615612,1.9749965437560483e-05
241,Aden Kirk,England,50600,10.831706855275558,1.9762845849802372e-05
242,Chris Thompson,England,50310,10.825959143485365,1.9876764062810574e-05
243,Garry Thompson,England,50183,10.823431602908185,1.9927066935017835e-05
244,Conan Whitehead,England,50069,10.821157333085402,1.9972438035510995e-05
245,Callan Rydz,England,49800,10.815770263012745,2.0080321285140562e-05
246,Dennis Nilsson,Sweden,49381,10.80732101380793,2.025070371195399e-05
247,Phil Nixon,England,49088,10.801369884726927,2.0371577574967405e-05
248,Remco van Eijden,Netherlands,49042,10.800432352812745,2.0390685534847682e-05
249,Stephen Burton,England,48340,10.786014654257475,2.068680182043856e-05
250,Bob Taylor,Scotland,47975,10.7784353208759,2.0844189682126108e-05
251,Jamie Bain,Scotland,47322,10.764730582626045,2.113182029500021e-05
252,Ryan Harrington,England,47275,10.763736893526659,2.1152829190904283e-05
253,Gary Welding,England,47024,10.758413388658699,2.1265736645117386e-05
254,Mick Manning,England,46811,10.753873497022564,2.1362500267031254e-05
255,Kevin Munch,Germany,45178,10.71836552166722,2.213466731595024e-05
256,Connie Finnan,Ireland,45081,10.716216150693835,2.2182294092855082e-05
257,Mick Todd,England,44513,10.703536560322721,2.2465347201941005e-05
258,Nick Kenny,Wales,44476,10.70270499682314,2.2484036334202716e-05
259,Noel Malicdem,Philippines,44336,10.69955226710276,2.255503428365211e-05
260,Chris Quantock,England,44250,10.697610650436076,2.2598870056497175e-05
261,Jerry Hendriks,Netherlands,43942,10.690625861516315,2.275727094806791e-05
262,Dawson Murschell,Canada,42703,10.662024454360006,2.3417558485352318e-05
263,Ken MacNeil,Canada,42333,10.653322202725871,2.362223324593107e-05
264,Paul Jennings,England,42286,10.652211340984815,2.3648488861561747e-05
265,Joey ten Berge,Netherlands,42105,10.647921777464093,2.375014843842774e-05
266,Michael Rosenauer,Germany,41882,10.642611419336097,2.3876605701733442e-05
267,David Platt,England,41770,10.639933657491222,2.3940627244433803e-05
268,Wayne Atwood,Wales,41711,10.638520161969526,2.3974491141425524e-05
269,Johnny Haines,England,41515,10.633810086696132,2.4087679152113693e-05
270,Niels de Ruiter,Netherlands,41389,10.630770424025688,2.4161008963734324e-05
271,Rick Hofstra,Netherlands,41350,10.629827700451838,2.4183796856106408e-05
272,Maik Langendorf,Austria,41244,10.627260926637835,2.4245950926195326e-05
273,Ryan de Vreede,Netherlands,41156,10.6251250034957,2.4297793760326562e-05
274,Alan Caves,England,41096,10.623666072147104,2.4333268444617483e-05
275,Steve Douglas,England,40983,10.620912625555597,2.4400361125344655e-05
276,Willy van de Wiel,Netherlands,40212,10.60192073752531,2.4868198547697204e-05
277,Steve Evans,Wales,39333,10.579819140167512,2.542394427071416e-05
278,Kevin Spiolek,England,39102,10.573928895560435,2.5574139430208172e-05
279,Dave Cameron,Canada,38670,10.562819384601342,2.585983966899405e-05
280,Scott Baker,England,38345,10.55437942019896,2.6079019428869475e-05
281,Mikuru Suzuki,Japan,38081,10.547470749064702,2.6259814605708884e-05
282,Mario Robbe,Netherlands,37767,10.539190984434368,2.6478142293536684e-05
283,Mark Lawrence,England,37715,10.53781317228773,2.651464934376243e-05
284,Gino Vos,Netherlands,37706,10.537574511966529,2.6520978093672095e-05
285,Tony Newell,England,37650,10.536088233228039,2.656042496679947e-05
286,Leonard Gates,USA,37530,10.532895892129066,2.664535038635758e-05
287,Tony Ayres,England,37425,10.53009420928783,2.672010688042752e-05
288,Dave Ladley,England,37345,10.527954312791167,2.6777346364975233e-05
289,Reece Robinson,England,37110,10.521641754054643,2.6946914578280787e-05
290,Chris White,USA,36793,10.513062888672096,2.7179082977740332e-05
291,Scott Kirchner,USA,36564,10.50681942877371,2.7349305327644676e-05
292,Francis Hoenselaar,Netherlands,36554,10.506545898314387,2.735678721890901e-05
293,Rob Modra,Australia,36523,10.505697478103938,2.738000711880185e-05
294,Jacko Barry,Ireland,36462,10.504025901363411,2.7425813175360648e-05
295,Jason Clark,Scotland,36445,10.503559553816313,2.7438606118809166e-05
296,Karel Sedlacek,Czech Rep,36270,10.498746232276948,2.7570995312930797e-05
297,Kyle McKinstry,Northern Ireland,36268,10.498691088765947,2.757251571633396e-05
298,Bernd Roith,Germany,36105,10.494186638885282,2.7696994876055948e-05
299,Steve Coote,England,36099,10.494020443106272,2.7701598382226654e-05
300,John Kuczynski,USA,36077,10.493410822160769,2.7718491005349668e-05
301,Jose Perales,Spain,36038,10.492329216286759,2.7748487707419947e-05
302,Warren Parry,New Zealand,35748,10.484249602501283,2.7973592928275707e-05
303,Toon Greebe,Netherlands,35136,10.466981524869203,2.8460837887067395e-05
304,Vincent Kamphuis,Netherlands,35028,10.463903020642116,2.8548589699668835e-05
305,John O Shea,Ireland,34619,10.452157943275468,2.8885871920043906e-05
306,Peter Machin,Australia,34560,10.450452222917992,2.8935185185185186e-05
307,Bradley Brooks,England,33910,10.431465235119685,2.948982601002654e-05
308,Richie Corner,England,33892,10.430934277318356,2.9505488020771865e-05
309,Jani Haavisto,Finland,33881,10.43060966426901,2.9515067441929104e-05
310,Davy Richardson,England,33855,10.429841977919745,2.9537734455767243e-05
311,Nathan Rafferty,Northern Ireland,33150,10.408797995614009,3.0165912518853696e-05
312,Tytus Kanik,Poland,33083,10.406774834263818,3.0227004806093763e-05
313,Bill Davis,USA,32942,10.40250371834262,3.0356383947544167e-05
314,Jamie Robinson,England,32881,10.400650262332935,3.0412700343663514e-05
315,Matt Padgett,England,32595,10.39191418135864,3.067955207853965e-05
316,Kevin Burness,Northern Ireland,32371,10.385018239245094,3.0891847641407435e-05
317,Raymond Smith,Australia,32297,10.382729625640236,3.09626281078738e-05
318,Dyson Parody,Gibraltar,32105,10.376767060228149,3.114779629341224e-05
319,Jonathan Worsley,Wales,31950,10.371927459805681,3.129890453834116e-05
320,Scott MacKenzie,Hong Kong,31810,10.36753598474319,3.1436655139893116e-05
321,Nico Kurz,Germany,31800,10.367221568768269,3.144654088050314e-05
322,Jim Walker,Scotland,31760,10.365962915361072,3.148614609571788e-05
323,Dennis Harbour,England,31701,10.36410350510914,3.154474622251664e-05
324,Graeme Stoddart,England,31476,10.356980629654874,3.177023764137756e-05
325,Hyun Chul Park,South Korea,31391,10.354276506607956,3.1856264534420696e-05
326,Prakash Jiwa,India,31320,10.35201215010474,3.192848020434228e-05
327,Sean Palfrey,Wales,31211,10.348525875764018,3.2039985902406205e-05
328,Jason Lowe,England,30925,10.339320197260689,3.2336297493936946e-05
329,Matthew Dennant,England,30925,10.339320197260689,3.2336297493936946e-05
330,Christian Bunse,Germany,30900,10.338511462885837,3.2362459546925564e-05
331,Nathan Derry,England,30835,10.336405687425593,3.243067942273391e-05
332,Richie George,England,30585,10.328264971676665,3.269576589831617e-05
333,Brian Dawson,England,30508,10.32574422328413,3.277828766225252e-05
334,Rene Eidams,Germany,30482,10.324891624445796,3.280624630929729e-05
335,Jocky Wilson,Scotland,30450,10.323841273138044,3.284072249589491e-05
336,Shane Tichowitsch,Australia,30435,10.323348540928025,3.285690816494168e-05
337,Jim Long,Canada,30396,10.322066299789675,3.2899065666535074e-05
338,Paul Hanvidge,Scotland,30200,10.31559720336296,3.3112582781456954e-05
339,Ciaran Teehan,Ireland,30196,10.315464744259515,3.3116969134984766e-05
340,Dragutin Horvath,Croatia,29693,10.298666606775793,3.3677971239012565e-05
341,Gerry Convery,Canada,29649,10.297183677044293,3.372795035245708e-05
342,Dave Parletti,England,29565,10.29434650825493,3.382377811601556e-05
343,Michael Rasztovits,Austria,29412,10.289158033316113,3.399972800217598e-05
344,Harith Lim,Singapore,29039,10.276395033084118,3.443644753607218e-05
345,Paul Rowley,England,29025,10.275912806566092,3.445305770887166e-05
346,Gary Stone,Scotland,28443,10.255657363586069,3.515803536898358e-05
347,Laurence Ryder,Australia,28245,10.248671729759362,3.540449637103912e-05
348,Chris Aubrey,England,28084,10.24295529813714,3.5607463324312774e-05
349,Morihiro Hashimoto,Japan,28015,10.240495359999384,3.5695163305372124e-05
350,Julie Gore,Wales,27849,10.234552338068042,3.590793206219254e-05
351,Keita Ono,Japan,27821,10.233546410194464,3.594407102548435e-05
352,Martijn Kleermaker,Netherlands,27748,10.230919044505193,3.6038633415020904e-05
353,Sharon Prins,Netherlands,27601,10.225607282932941,3.623057135611029e-05
354,Dave Honey,England,27369,10.217166265013583,3.653768862581753e-05
355,Kurt Parry,Wales,27050,10.205442284274628,3.6968576709796674e-05
356,Jim Widmayer,USA,26991,10.203258756085228,3.704938683264792e-05
357,Danny Baggish,USA,26762,10.194738249864933,3.736641506613855e-05
358,Kenny Neyens,Belgium,26658,10.190844572163963,3.751219146222522e-05
359,James Hurrell,England,26652,10.190619473682428,3.7520636349992496e-05
360,Rob Szabo,New Zealand,26403,10.181232919041921,3.7874483960156045e-05
361,Simon Whatley,England,26341,10.17888193964875,3.79636308416537e-05
362,Barry Lynn,England,26275,10.176373195745152,3.8058991436726926e-05
363,Steve Duke Snr,Australia,26224,10.17443030098361,3.813300793166565e-05
364,John Ferrell,England,26024,10.166774468153188,3.84260682446972e-05
365,Benjamin Dersch,USA,26018,10.166543885161504,3.8434929664078716e-05
366,Randy van Deursen,USA,25842,10.159756354282166,3.869669530222119e-05
367,Albertino Essers,Netherlands,25812,10.158594779055731,3.874167054083372e-05
368,Marshall James,Wales,25800,10.158129770909708,3.875968992248062e-05
369,Alexander Oreshkin,Russia,25550,10.14839259563185,3.913894324853229e-05
370,Nandor Bezzeg,Hungary,25381,10.141756141595407,3.9399550845120365e-05
371,Phil Blackwell,England,25334,10.139902646043577,3.947264545669851e-05
372,Russell Stewart,Australia,25202,10.134678635429639,3.9679390524561545e-05
373,Scott Dale,England,25175,10.133606717586764,3.972194637537239e-05
374,Justin van Tergouw,Netherlands,25085,10.130025336918353,3.986446083316723e-05
375,Ronald Briones,Philippines,25072,10.129506964595802,3.98851308232291e-05
376,Dave Smith,England,25068,10.129347411344567,3.9891495133237594e-05
377,Mark Holden,England,24740,10.11617664594648,4.0420371867421184e-05
378,Les Fitton,England,24410,10.102748163387005,4.096681687832855e-05
379,Niels Zonneveld,Netherlands,24410,10.102748163387005,4.096681687832855e-05
380,Martyn Turner,England,24250,10.096171896365629,4.1237113402061855e-05
381,George Killington,England,24150,10.092039659080719,4.1407867494824014e-05
382,Lee Evans,England,24054,10.088056581870562,4.1573127130622764e-05
383,Mark Jones,England,23770,10.07617956035424,4.206983592763988e-05
384,David Evans,England,23752,10.075422016443596,4.21017177500842e-05
385,Hannes Schnier,Austria,23727,10.074368919187528,4.21460783074135e-05
386,Davy van Baelen,Belgium,23697,10.073103736832529,4.219943452757733e-05
387,Lee Palfreyman,England,23491,10.064372648053766,4.256949470009791e-05
388,Dylan Duo,Gibraltar,23444,10.06236987759632,4.265483705852244e-05
389,Tengku Hadzali Shah,Malaysia,22888,10.038368034729945,4.369101712687871e-05
390,Chris Landman,Netherlands,22868,10.037493832383863,4.3729228616407205e-05
391,James Bailey,Australia,22847,10.036575096674483,4.3769422681314836e-05
392,Jason Wilson,England,22760,10.032759888240268,4.393673110720563e-05
393,Derk Telnekes,Netherlands,22720,10.031000872835088,4.4014084507042256e-05
394,Daniel Day,England,22651,10.027959280046968,4.414816122908481e-05
395,Steve Smith,England,22580,10.024819837703653,4.4286979627989374e-05
396,Ulf Ceder,Finland,22566,10.024199627698392,4.4314455375343434e-05
397,Corrinne Hammond,Australia,22521,10.022203486241112,4.440300164291106e-05
398,Kevin Thomas,Wales,22375,10.015699543143056,4.46927374301676e-05
399,Dave Whitcombe,England,22260,10.010546624829535,4.4923629829290206e-05
400,Eddie Dootson,England,22255,10.010321981449955,4.493372275893058e-05
401,Andy Callaby,England,22199,10.007802521800768,4.504707419253119e-05
402,Jimmy Mann,England,22155,10.00581848363359,4.513653802753329e-05
403,Kevin Kenny,England,22100,10.003332887505843,4.524886877828054e-05
404,Jay Foreman,England,21855,9.992185007297415,4.575611988103409e-05
405,Roger Carter,USA,21836,9.991315262901649,4.579593332112108e-05
406,Rusty Jake Rodriguez,Austria,21763,9.987966559114067,4.594954739695814e-05
407,Steve Grubb,England,21429,9.972500423823082,4.6665733351999625e-05
408,Jarred Cole,England,21276,9.965334955862208,4.7001316036849034e-05
409,David Fatum,Canada,20798,9.942612107220178,4.808154630252909e-05
410,Tony Martin,England,20684,9.937115733516112,4.8346548056468766e-05
411,Bradley Kirk,England,20638,9.93488931567566,4.845430758794457e-05
412,Gavin Carlin,Northern Ireland,20400,9.923290179832307,4.901960784313725e-05
413,Sam Head,England,20386,9.922603669728359,4.905327185323261e-05
414,Dietmar Burger,Austria,20134,9.910165207289369,4.966722956193504e-05
415,Colin Fowler,England,20115,9.909221084383889,4.971414367387522e-05
416,Yuki Yamada,Japan,20041,9.905535454153428,4.9897709695124994e-05
417,Maik Kuivenhoven,Netherlands,19955,9.901235017482835,5.011275369581559e-05
418,Xiaochen Zong,China,19857,9.896311868787032,5.0360074532910306e-05
419,Martin Atkins (Wigan),England,19807,9.893790689557264,5.0487201494421164e-05
420,Anthony Fleet,Australia,19803,9.893588720356881,5.049739938393173e-05
421,Shaun Narain,Canada,19752,9.891010031025015,5.062778452814905e-05
422,Peter Johnstone,Scotland,19682,9.88745979145893,5.08078447312265e-05
423,Andy Baetens,Belgium,19645,9.88557813199256,5.090353779587681e-05
424,Kurt van de Rijck,Belgium,19534,9.879911816007422,5.1192792054878675e-05
425,Robbie Widdows,England,19529,9.879655819282782,5.1205898919555534e-05
426,Erwin Extercatte,Netherlands,19494,9.877862004897155,5.129783523135324e-05
427,Dan Olson,Canada,19423,9.874213209832133,5.14853524172373e-05
428,Ross Twell,England,19225,9.863966794373844,5.2015604681404424e-05
429,Mike van Duivenbode,Netherlands,19155,9.860319057134749,5.220569042025581e-05
430,Jeffrey Sparidaans,Netherlands,19089,9.856867531900901,5.2386191000052386e-05
431,Wouter Vaes,Netherlands,19081,9.856448354530341,5.2408154708872704e-05
432,Louis Blundell,England,19025,9.853509182729887,5.256241787122208e-05
433,Peter Hunt,New Zealand,18972,9.850719486997471,5.2709255745308875e-05
434,Brian Buur,Denmark,18966,9.850403181443673,5.2725930612675314e-05
435,William Borland,Scotland,18965,9.850350454123,5.2728710783021356e-05
436,Fabian Roosenbrand,Netherlands,18762,9.839588826685896,5.329922183136126e-05
437,Rhys Hayden,England,18672,9.834780354526337,5.3556126820908315e-05
438,Sven Groen,Netherlands,18604,9.831131890343988,5.3751881315846054e-05
439,Jason Lovett,England,18551,9.828278974938373,5.3905449840978926e-05
440,Kai Fan Leung,Hong Kong,18516,9.826390502151161,5.4007344998919854e-05
441,Steve Raw,England,18508,9.825958350026891,5.403068943159715e-05
442,Justin Thompson,Australia,18439,9.822223265705164,5.423287596941266e-05
443,Mike Zuydwijk,Netherlands,18434,9.82195206455361,5.424758598242378e-05
444,Per Skau,Denmark,18308,9.815093401773533,5.462093074065982e-05
445,Chuck Puleo,USA,18251,9.811975152030021,5.4791518272971344e-05
446,Koha Kokiri,New Zealand,18177,9.807912337613098,5.50145788633988e-05
447,Jason Cullen,Ireland,18177,9.807912337613098,5.50145788633988e-05
448,Ronnie Sharp,Scotland,18065,9.801731643581741,5.535566011624689e-05
449,Joe Chaney,USA,17984,9.797237752693418,5.560498220640569e-05
450,Thanawat Gaweenuntavong,Thailand,17895,9.792276623200125,5.588153115395362e-05
451,Richie Howson,England,17895,9.792276623200125,5.588153115395362e-05
452,Krzysztof Kciuk,Poland,17887,9.791829470993246,5.5906524291384805e-05
453,Brett Claydon,England,17871,9.790934566296798,5.595657769570813e-05
454,Mario Vandenbogaerde,Belgium,17825,9.788357245282496,5.610098176718093e-05
455,Haupai Puha,New Zealand,17816,9.787852208937204,5.612932195779075e-05
456,Alex Reyes,USA,17667,9.77945377161268,5.6602705609328126e-05
457,Gerald Verrier,USA,17634,9.777584135646972,5.6708631053646363e-05
458,Gordon Mathers,Australia,17553,9.772980154456345,5.697031846408021e-05
459,Jason Hogg,Scotland,17545,9.772524288017316,5.699629524080935e-05
460,Rhys Griffin,Wales,17541,9.77229627684378,5.7009292514679893e-05
461,Wessel Nijman,Netherlands,17500,9.769956159911606,5.714285714285714e-05
462,Tom Kirby,Ireland,17468,9.768125914605452,5.72475383558507e-05
463,Peter Sajwani,Sweden,17458,9.767553275295295,5.7280329934700424e-05
464,Mark McGrath,New Zealand,17398,9.764110536067486,5.7477871019657434e-05
465,Scotty Burnett,USA,17377,9.762902771722255,5.754733268113023e-05
466,Sean Reed,Australia,17335,9.760482858119124,5.768676088837612e-05
467,Ben Ward,England,17305,9.758750756069444,5.778676683039584e-05
468,Adam Huckvale,England,17300,9.75846178048587,5.7803468208092484e-05
469,Keane Barry,Ireland,17246,9.75533551151227,5.798446016467587e-05
470,Robbie King,Australia,17241,9.75504554717585,5.800127602807262e-05
471,Yuji Eguchi,Japan,17225,9.75411709588186,5.8055152394775034e-05
472,Brian Raman,Belgium,17165,9.750627705891793,5.825808330905913e-05
473,Michel van der Horst,Netherlands,17044,9.743553514619803,5.867167331612298e-05
474,Irina Armstrong,Germany,17028,9.742614326948043,5.872680291284943e-05
475,Felix McBrearty,Northern Ireland,16965,9.73890767721833,5.8944886531093426e-05
476,Edwin Max,Netherlands,16919,9.736192529758796,5.9105148058395883e-05
477,Warren French,New Zealand,16883,9.734062477477194,5.923117929277972e-05
478,Mark Robinson,England,16730,9.72495879398087,5.9772863120143455e-05
479,Sam Hewson,England,16557,9.71456425210761,6.03974149906384e-05
480,Wayne Weening,Australia,16541,9.713597426242222,6.0455837011063415e-05
481,Nitin Kumar,India,16519,9.712266512555141,6.053635207942369e-05
482,Pat Orreal,Australia,16424,9.70649895869877,6.088650754992694e-05
483,Mark Wilson,England,16385,9.704121561132915,6.1031431187061336e-05
484,Ian Moss,England,16290,9.69830670159609,6.138735420503377e-05
485,Vincent van der Meer,Netherlands,16174,9.691160293655768,6.182762458266353e-05
486,Phillip Hazel,New Zealand,16110,9.68719547617102,6.207324643078833e-05
487,Martin Lukeman,England,16025,9.68190528178887,6.240249609984399e-05
488,Mark Cox,England,15995,9.680031452383618,6.251953735542357e-05
489,Charles Losper,South Africa,15924,9.675582684120208,6.279829188646068e-05
490,Yuanjun Liu,China,15750,9.66459564425378,6.349206349206349e-05
491,John Weber,Australia,15726,9.663070672551461,6.358896095637798e-05
492,Mark Thomson,England,15640,9.657587014099303,6.39386189258312e-05
493,Graham Hunt,Australia,15625,9.656627474604603,6.4e-05
494,Harry Robinson,England,15426,9.643809676493944,6.482561908466225e-05
495,Barry Jouannet Jnr,Australia,15362,9.639652206558628,6.509569066527795e-05
496,Ben Robb,New Zealand,15339,9.638153883748108,6.519329812895235e-05
497,Shane O Connor,Ireland,15325,9.637240760804412,6.525285481239805e-05
498,Karin Krappen,Netherlands,15279,9.634234615552714,6.544930950978467e-05
499,Ricky Williams,England,15276,9.634038248345407,6.546216286986122e-05
500,Sean Downs,USA,15259,9.632924771891735,6.553509404285995e-05
